<objects>
    <!-- Test Zone -->
    <object name="ServerZone">
        <member name="ID">1</member>
        <member name="DynamicMapID">1</member>
        <member name="Global">true</member>
        <member name="GroupID">1</member>
        <member name="StartingX">0</member>
        <member name="StartingY">0</member>
        <member name="StartingRotation">0</member>
        <member name="NPCs"/>
        <member name="Objects"/>
        <member name="Bazaars"/>
        <member name="Spots"/>
    </object>
</objects>
